query,label
how can i create an account?,Account
can ii create an account?,Account
can i order without creating an account?,Account
how do iorder without creating an account?,Account
how can i reset my password?,Account
what do i do if i forgot my password?,Account
how to change my login password?,Account
how do i recover my account?,Account
how do i update my account information?,Account
can ii update my account information?,Account
how to change your login password?,Account
how do iorder without creating an account?,Account
can i do i recover my account?,Account
how can i reset your password?,Account
can i to change my login password?,Account
can ii update your account information?,Account
can i order without creating an account?,Account
can i to change my login password?,Account
can i do i recover my account?,Account
can i can i reset my password?,Account
how do iorder without creating an account?,Account
how do i recover your account?,Account
can i do i recover my account?,Account
can i order without creating an account?,Account
what do i do if i forgot your password?,Account
how can i reset your password?,Account
can ii create an account?,Account
can i do i recover my account?,Account
what do i do if i forgot your password?,Account
can ii create an account?,Account
how do irequest a product that is currently out of stock to be restocked?,Other
can i request a product if it is not currently available in my size?,Other
how do iorder a product if it is listed as 'on hold'?,Other
can i request a product that is listed as 'limited edition' to be restocked?,Other
can i request a product that is out of stock to be restocked?,Other
can i order a product that is labeled as 'limited edition'?,Other
how do iorder a product that is out of stock?,Other
how do iorder a product that is listed as 'pre-order' with other in-stock items?,Other
are my personal and payment details secure?,Other
what payment methods do you accept?,Other
can ii leave a product review?,Other
how do iorder a product that is discontinued?,Other
do you offer a satisfaction guarantee?,Other
can i request a product demonstration before making a purchase?,Other
can i order a product if it is listed as 'coming soon' and available for pre-order?,Other
can you wrap my order as a gift?,Other
how do ichange my order after it has been placed?,Other
how do iorder a product if it is listed as 'coming soon' and available for pre-order?,Other
what is your price adjustment policy?,Other
can i add a gift message to my order?,Other
how do irequest a product that is listed as 'out of stock' to be restocked?,Other
can i order a product if it is listed as 'coming soon' and not available for pre-order?,Other
what should i do if my discount code is not working?,Other
how do irequest a product that is currently out of stock to be reserved for me?,Other
how do iorder a product if it is listed as 'discontinued' but still visible on the website?,Other
can i change or cancel an item in my order?,Other
how do iorder a product that is labeled as 'limited edition'?,Other
how do irequest a product if it is not listed on your website?,Other
how do iorder by phone?,Other
what are your business hours?,Other
how can i track my order?,Shipping
where is my package?,Shipping
how do i check my order status?,Shipping
when will my order arrive?,Shipping
how long does shipping take?,Shipping
can idoes shipping take?,Shipping
do you offer international shipping?,Shipping
what should i do if my package is lost or damaged?,Shipping
what should i do if the package is lost or damaged?,Shipping
can i change my shipping address after placing an order?,Shipping
how do ichange my shipping address after placing an order?,Shipping
do you offer expedited shipping?,Shipping
can i order a product for delivery to a different country?,Shipping
how do iorder a product for delivery to a different country?,Shipping
can i return a product if it was damaged during shipping?,Shipping
how do ireturn a product if it was damaged during shipping?,Shipping
can i return a product if it was damaged due to mishandling during shipping?,Shipping
how do ireturn a product if it was damaged due to mishandling during shipping?,Shipping
do you offer international shipping?,Shipping
can i return a product if it was damaged during shipping?,Shipping
how do ichange your shipping address after placing an order?,Shipping
what should i do if my package is lost or damaged?,Shipping
do you offer international shipping?,Shipping
can i do ichange my shipping address after placing an order?,Shipping
can i do ichange my shipping address after placing an order?,Shipping
when will your order arrive?,Shipping
what should i do if your package is lost or damaged?,Shipping
can i do i check my order status?,Shipping
where is your package?,Shipping
do you offer expedited shipping?,Shipping
can i return a product if it was purchased with a promotional gift card?,Returns
how do ireturn a product if it was purchased during a promotional event?,Returns
what should i do if i receive the wrong item?,Returns
can i return a product if it was purchased during a sale or with a discount?,Returns
how do ireturn a product if it was purchased as part of a bundle or set?,Returns
how do ireturn a product if i no longer have the original receipt?,Returns
how do ireturn a product if i changed my mind?,Returns
can i return a product if it was a clearance or final sale item?,Returns
how do ireturn a product if it was damaged due to improper use?,Returns
can i request a product repair or replacement if it is damaged?,Returns
can i return a product if it was purchased as a gift?,Returns
how do ireturn a product if it was a final sale item?,Returns
how do irequest a product repair or replacement if it is damaged?,Returns
how do ireturn a product if i no longer have the original packaging?,Returns
can i return a product if it was purchased with a gift card?,Returns
can i return a product without a receipt?,Returns
how do ireturn a product if it was purchased with store credit?,Returns
what is your return policy?,Returns
can i return a product if i no longer have the original receipt?,Returns
can i return a product if i changed my mind?,Returns
can i return a product if i no longer have the original packaging?,Returns
how do i return an item?,Returns
can i request a refund if the price drops after my purchase?,Returns
can i return a product if it was purchased with a discount code?,Returns
can i get a refund for my purchase?,Returns
can i return a product if it was purchased as part of a bundle or set?,Returns
can i return a product if it was purchased during a promotional event?,Returns
what are your rules for returns?,Returns
how do ireturn a product if it was purchased with a promotional gift card?,Returns
can i return a product if it was damaged due to improper use?,Returns
how can i contact customer support?,Support
who do i call for help?,Support
how do i reach your support team?,Support
is there a customer service number?,Support
do you offer live chat support?,Support
is there a customer service number?,Support
do you offer live chat support?,Support
can i do i reach your support team?,Support
do you offer live chat support?,Support
do you offer live chat support?,Support
who do i call for help?,Support
can i do i reach your support team?,Support
can i do i reach your support team?,Support
how do i reach your support team?,Support
do you offer live chat support?,Support
is there a customer service number?,Support
how do i reach your support team?,Support
do you offer live chat support?,Support
who do i call for help?,Support
is there a customer service number?,Support
who do i call for help?,Support
is there a customer service number?,Support
do you offer live chat support?,Support
can i can i contact customer support?,Support
is there a customer service number?,Support
who do i call for help?,Support
do you offer live chat support?,Support
is there a customer service number?,Support
can i can i contact customer support?,Support
how can i contact customer support?,Support
